<?xml version="1.0" encoding="UTF-8" ?>
<pageDefinition xmlns="http://xmlns.oracle.com/adfm/uimodel" version="12.2.1.0.31" id="HrModule_EmployeesViewResources"
                Package="com.redsamurai.model.services.rest.v1" usageMode="RESTClient">
  <parameters/>
  <executables>
    <variableIterator id="variables"/>
    <iterator Binds="EmployeesView1" RangeSize="5" DataControl="HrModuleDataControl" id="EmployeesView1Iter"/>
  </executables>
  <bindings>
    <tree IterBinding="EmployeesView1Iter" id="Employees" AccessorFolder="Always">
      <nodeDefinition DefName="com.redsamurai.model.views.EmployeesView"
                      Name="com.redsamurai.model.views.EmployeesView"/>
    </tree>
  </bindings>
</pageDefinition>
